name,unitType,portionName,kcal,protein,carbs,fat,fatSource,isEstimated,aliases
"Amaranth seed, black",GRAM,,356.1,14.59,59.98,5.74,GRAIN_LEGUME,false,
"Amaranth seed, pale brown",GRAM,,355.9,13.27,61.46,5.56,GRAIN_LEGUME,false,
Bajra,GRAM,,348.0,10.96,61.78,5.43,GRAIN_LEGUME,false,
Barley,GRAM,,315.7,10.94,61.29,1.3,GRAIN_LEGUME,false,
Jowar,GRAM,,334.1,9.97,67.68,1.73,GRAIN_LEGUME,false,
"Maize, dry",GRAM,,334.1,8.8,64.77,3.77,GRAIN_LEGUME,false,
"Maize, tender, local",GRAM,,120.0,3.57,22.69,1.4,GRAIN_LEGUME,false,
"Maize, tender, sweet",GRAM,,96.8,4.16,16.42,1.35,GRAIN_LEGUME,false,
Quinoa,GRAM,,328.4,13.11,53.65,5.5,GRAIN_LEGUME,false,
Ragi,GRAM,,320.7,7.16,66.82,1.92,GRAIN_LEGUME,false,
"Rice, flakes",GRAM,,353.7,7.44,76.75,1.14,GRAIN_LEGUME,false,
"Rice, puffed",GRAM,,361.9,7.47,77.68,1.62,GRAIN_LEGUME,false,
"Rice, raw, brown",GRAM,,353.7,9.16,74.8,1.24,GRAIN_LEGUME,false,
"Rice, parboiled, milled",GRAM,,351.6,7.81,77.16,0.55,GRAIN_LEGUME,false,
"Rice, raw, milled",GRAM,,356.4,7.94,78.24,0.52,GRAIN_LEGUME,false,
Samai,GRAM,,346.3,10.13,65.55,3.89,GRAIN_LEGUME,false,
Varagu,GRAM,,331.7,8.92,66.19,2.55,GRAIN_LEGUME,false,
"Wheat flour, refined",GRAM,,351.8,10.36,74.27,0.76,GRAIN_LEGUME,false,
"Wheat flour, atta",GRAM,,320.3,10.57,64.17,1.53,GRAIN_LEGUME,false,
"Wheat, whole",GRAM,,321.9,10.59,64.72,1.47,GRAIN_LEGUME,false,
"Wheat, bulgur",GRAM,,341.8,10.84,69.06,1.45,GRAIN_LEGUME,false,
"Wheat, semolina",GRAM,,333.7,11.38,68.43,0.74,GRAIN_LEGUME,false,
"Wheat, vermicelli",GRAM,,332.7,9.7,70.39,0.45,GRAIN_LEGUME,false,
"Wheat, vermicelli, roasted",GRAM,,340.1,10.37,71.42,0.49,GRAIN_LEGUME,false,
"Bengal gram, dal",GRAM,,329.1,21.55,46.72,5.31,GRAIN_LEGUME,false,
"Bengal gram, whole",GRAM,,287.0,18.77,39.56,5.11,GRAIN_LEGUME,false,
"Black gram, dal",GRAM,,324.1,23.06,51.0,1.69,GRAIN_LEGUME,false,
"Black gram, whole",GRAM,,291.3,21.97,43.99,1.58,GRAIN_LEGUME,false,
"Cowpea, brown",GRAM,,320.3,20.36,54.62,1.15,GRAIN_LEGUME,false,
"Cowpea, white",GRAM,,320.3,21.25,53.77,1.14,GRAIN_LEGUME,false,
"Field bean, black",GRAM,,276.1,19.93,43.46,0.92,GRAIN_LEGUME,false,
"Field bean, brown",GRAM,,283.0,19.9,45.24,0.98,GRAIN_LEGUME,false,
"Field bean, white",GRAM,,280.4,19.84,44.53,0.94,GRAIN_LEGUME,false,
"Green gram, dal",GRAM,,325.8,23.88,52.59,1.35,GRAIN_LEGUME,false,
"Green gram, whole",GRAM,,293.7,22.53,46.13,1.14,GRAIN_LEGUME,false,
"Horse gram, whole",GRAM,,329.6,21.73,57.24,0.62,GRAIN_LEGUME,false,
"Lentil, dal",GRAM,,322.4,24.35,52.53,0.75,GRAIN_LEGUME,false,
"Lentil, whole, brown",GRAM,,299.0,22.49,48.47,0.64,GRAIN_LEGUME,false,
"Lentil, whole, yellowish",GRAM,,297.8,22.87,47.91,0.61,GRAIN_LEGUME,false,
Moth bean,GRAM,,308.6,19.75,52.09,1.76,GRAIN_LEGUME,false,
"Peas, dry",GRAM,,303.3,20.43,48.93,1.89,GRAIN_LEGUME,false,
"Rajmah, black",GRAM,,298.0,19.01,49.59,1.62,GRAIN_LEGUME,false,
"Rajmah, brown",GRAM,,297.6,19.5,48.83,1.68,GRAIN_LEGUME,false,
"Rajmah, red",GRAM,,299.2,19.91,48.61,1.77,GRAIN_LEGUME,false,
"Red gram, dal",GRAM,,330.8,21.7,55.23,1.56,GRAIN_LEGUME,false,
"Red gram, whole",GRAM,,273.9,20.47,42.48,1.38,GRAIN_LEGUME,false,
Ricebean,GRAM,,302.3,19.97,51.26,0.74,GRAIN_LEGUME,false,
"Soya bean, brown",GRAM,,381.5,35.58,12.79,19.82,GRAIN_LEGUME,false,
"Soya bean, white",GRAM,,377.4,37.8,10.16,19.42,GRAIN_LEGUME,false,
Agathi leaves,GRAM,,70.5,8.01,5.21,1.35,GRAIN_LEGUME,false,
"Amaranth leaves, green",GRAM,,30.6,3.29,2.28,0.65,GRAIN_LEGUME,false,
"Amaranth leaves, red",GRAM,,33.5,3.93,2.37,0.63,GRAIN_LEGUME,false,
"Amaranth leaves, red and green",GRAM,,31.5,3.09,2.87,0.53,GRAIN_LEGUME,false,
"Amaranth, spinous, leaves, green",GRAM,,26.3,3.54,1.61,0.36,GRAIN_LEGUME,false,
"Amaranth, spinous, leaves, red and green",GRAM,,23.7,2.8,1.45,0.34,GRAIN_LEGUME,false,
Basella leaves,GRAM,,19.6,1.57,2.01,0.45,GRAIN_LEGUME,false,
Bathua leaves,GRAM,,27.7,2.5,2.56,0.44,GRAIN_LEGUME,false,
Beetroot leaves,GRAM,,34.7,2.38,3.86,0.75,GRAIN_LEGUME,false,
"Betel leaves, big (kolkata)",GRAM,,48.3,2.51,7.37,0.75,GRAIN_LEGUME,false,
"Betel leaves, small",GRAM,,43.7,2.62,6.16,0.75,GRAIN_LEGUME,false,
Brussels sprouts,GRAM,,44.2,4.26,5.09,0.5,GRAIN_LEGUME,false,
"Cabbage, Chinese",GRAM,,17.9,1.58,2.36,0.13,GRAIN_LEGUME,false,
"Cabbage, collard greens",GRAM,,30.1,3.63,2.79,0.27,GRAIN_LEGUME,false,
"Cabbage, green",GRAM,,21.5,1.36,3.25,0.12,GRAIN_LEGUME,false,
"Cabbage, violet",GRAM,,23.2,1.39,3.54,0.21,GRAIN_LEGUME,false,
Cauliflower leaves,GRAM,,35.4,3.9,3.39,0.42,GRAIN_LEGUME,false,
"Colocasia leaves, green",GRAM,,43.5,3.42,3.69,1.38,GRAIN_LEGUME,false,
Drumstick leaves,GRAM,,67.4,6.41,5.62,1.64,GRAIN_LEGUME,false,
Fenugreek leaves,GRAM,,34.4,3.68,2.17,0.83,GRAIN_LEGUME,false,
Garden cress,GRAM,,49.7,5.62,4.48,0.8,GRAIN_LEGUME,false,
"Gogu leaves, green stem",GRAM,,36.3,1.86,4.06,1.09,GRAIN_LEGUME,false,
"Gogu leaves, red stem",GRAM,,36.6,1.85,4.24,1.07,GRAIN_LEGUME,false,
"Knol-Khol, leaves",GRAM,,42.5,3.12,6.16,0.35,GRAIN_LEGUME,false,
Lettuce,GRAM,,21.7,1.54,3.01,0.27,GRAIN_LEGUME,false,
Mustard leaves,GRAM,,30.4,3.52,2.41,0.51,GRAIN_LEGUME,false,
Pak Choi leaves,GRAM,,16.0,1.41,1.78,0.25,GRAIN_LEGUME,false,
Parsley,GRAM,,72.9,5.55,9.43,1.14,GRAIN_LEGUME,false,
Ponnaganni,GRAM,,50.9,5.29,5.17,0.71,GRAIN_LEGUME,false,
"Pumpkin leaves, tender",GRAM,,44.2,4.21,4.75,0.74,GRAIN_LEGUME,false,
Radish leaves,GRAM,,26.1,2.22,2.77,0.51,GRAIN_LEGUME,false,
Rumex leaves,GRAM,,19.6,1.62,2.33,0.33,GRAIN_LEGUME,false,
Spinach,GRAM,,24.4,2.14,2.05,0.64,GRAIN_LEGUME,false,
"Tamarind leaves, tender",GRAM,,71.5,5.84,10.04,0.49,GRAIN_LEGUME,false,
Ash gourd,GRAM,,17.4,0.79,2.84,0.14,GRAIN_LEGUME,false,
"Bamboo shoot, tender",GRAM,,16.3,1.33,1.67,0.35,GRAIN_LEGUME,false,
"Bean scarlet, tender",GRAM,,42.8,2.86,5.16,0.99,GRAIN_LEGUME,false,
"Bitter gourd, jagged, teeth ridges, elongate",GRAM,,20.8,1.44,2.82,0.24,GRAIN_LEGUME,false,
"Bitter gourd, jagged, teeth ridges, short",GRAM,,18.9,1.34,2.53,0.24,GRAIN_LEGUME,false,
"Bitter gourd, jagged, smooth ridges, elongate",GRAM,,19.4,1.61,2.29,0.26,GRAIN_LEGUME,false,
"Bottle gourd, elongate, pale green",GRAM,,11.0,0.53,1.68,0.13,GRAIN_LEGUME,false,
"Bottle gourd, round, pale green",GRAM,,13.6,0.42,2.53,0.12,GRAIN_LEGUME,false,
"Bottle gourd, elongate, dark green",GRAM,,12.9,0.49,2.25,0.13,GRAIN_LEGUME,false,
Brinjal 1,GRAM,,27.2,1.77,3.49,0.39,GRAIN_LEGUME,false,
Brinjal 2,GRAM,,23.7,1.82,2.71,0.34,GRAIN_LEGUME,false,
Brinjal 3,GRAM,,24.4,1.36,3.38,0.33,GRAIN_LEGUME,false,
Brinjal 4,GRAM,,23.9,1.51,3.19,0.31,GRAIN_LEGUME,false,
Brinjal 5,GRAM,,26.5,1.38,4.02,0.29,GRAIN_LEGUME,false,
Brinjal 6,GRAM,,23.2,1.46,3.29,0.29,GRAIN_LEGUME,false,
Brinjal 7,GRAM,,23.4,1.4,3.1,0.37,GRAIN_LEGUME,false,
Brinjal 8,GRAM,,28.0,1.82,3.75,0.33,GRAIN_LEGUME,false,
Brinjal 9,GRAM,,25.3,1.47,3.52,0.35,GRAIN_LEGUME,false,
Brinjal 10,GRAM,,27.7,1.68,4.08,0.25,GRAIN_LEGUME,false,
Brinjal 11,GRAM,,25.1,1.43,3.53,0.31,GRAIN_LEGUME,false,
Brinjal 12,GRAM,,22.2,1.6,2.73,0.27,GRAIN_LEGUME,false,
Brinjal 13,GRAM,,29.6,1.49,4.51,0.31,GRAIN_LEGUME,false,
Brinjal 14,GRAM,,25.3,1.56,3.27,0.35,GRAIN_LEGUME,false,
Brinjal 15,GRAM,,27.2,1.58,3.96,0.29,GRAIN_LEGUME,false,
Brinjal 16,GRAM,,24.6,1.26,3.46,0.34,GRAIN_LEGUME,false,
Brinjal 17,GRAM,,21.7,1.18,2.89,0.36,GRAIN_LEGUME,false,
Brinjal 18,GRAM,,27.7,1.47,4.1,0.33,GRAIN_LEGUME,false,
Brinjal 19,GRAM,,23.9,1.26,3.39,0.31,GRAIN_LEGUME,false,
Brinjal 20,GRAM,,23.7,1.44,3.15,0.34,GRAIN_LEGUME,false,
Brinjal 21,GRAM,,27.0,1.36,3.93,0.35,GRAIN_LEGUME,false,
Brinjal - all varieties,GRAM,,25.3,1.48,3.52,0.32,GRAIN_LEGUME,false,
Broad beans,GRAM,,29.4,3.85,2.11,0.15,GRAIN_LEGUME,false,
"Capsicum, green",GRAM,,16.3,1.11,1.84,0.34,GRAIN_LEGUME,false,
"Capsicum, red",GRAM,,19.8,1.47,2.14,0.47,GRAIN_LEGUME,false,
"Capsicum, yellow",GRAM,,18.6,1.35,1.95,0.41,GRAIN_LEGUME,false,
Cauliflower,GRAM,,22.9,2.15,2.03,0.44,GRAIN_LEGUME,false,
Celery stalk,GRAM,,16.5,0.98,2.33,0.24,GRAIN_LEGUME,false,
Cho-cho-marrow,GRAM,,18.9,0.66,3.47,0.15,GRAIN_LEGUME,false,
Cluster beans,GRAM,,40.2,3.55,4.91,0.37,GRAIN_LEGUME,false,
"Colocasia, stem, black",GRAM,,23.9,0.76,3.83,0.34,GRAIN_LEGUME,false,
"Colocasia, stem, green",GRAM,,19.4,0.91,2.86,0.22,GRAIN_LEGUME,false,
"Corn, baby",GRAM,,73.1,2.69,11.66,1.33,GRAIN_LEGUME,false,
"Cucumber, green, elongate",GRAM,,19.6,0.71,3.48,0.16,GRAIN_LEGUME,false,
"Cucumber, green, short",GRAM,,17.4,0.83,2.82,0.18,GRAIN_LEGUME,false,
"Cucumber, orange, round",GRAM,,19.6,0.98,3.01,0.24,GRAIN_LEGUME,false,
Drumstick,GRAM,,29.4,2.62,3.76,0.12,GRAIN_LEGUME,false,
"Field beans, tender, broad",GRAM,,30.8,3.06,2.75,0.64,GRAIN_LEGUME,false,
"Field beans, tender, lean",GRAM,,33.5,3.71,2.85,0.6,GRAIN_LEGUME,false,
"French beans, country",GRAM,,24.4,2.49,2.68,0.26,GRAIN_LEGUME,false,
"French beans, hybrid",GRAM,,22.2,2.12,2.63,0.19,GRAIN_LEGUME,false,
"Jack fruit, raw",GRAM,,26.3,1.98,3.48,0.35,GRAIN_LEGUME,false,
"Jack fruit, seeds, mature",GRAM,,77.0,5.79,11.81,0.44,GRAIN_LEGUME,false,
Knol - Khol,GRAM,,16.0,1.58,1.39,0.35,GRAIN_LEGUME,false,
"Kovai, big",GRAM,,17.4,1.39,2.01,0.24,GRAIN_LEGUME,false,
"Kovai, small",GRAM,,19.1,1.22,2.41,0.24,GRAIN_LEGUME,false,
Ladies finger,GRAM,,27.5,2.08,3.62,0.22,GRAIN_LEGUME,false,
"Mango, green, raw",GRAM,,49.0,0.69,10.59,0.08,GRAIN_LEGUME,false,
"Onion, stalk",GRAM,,25.6,2.07,2.99,0.26,GRAIN_LEGUME,false,
"Papaya, raw",GRAM,,23.9,0.5,4.4,0.23,GRAIN_LEGUME,false,
Parwar,GRAM,,24.1,1.4,3.54,0.3,GRAIN_LEGUME,false,
"Peas, fresh",GRAM,,81.3,7.25,11.88,0.13,GRAIN_LEGUME,false,
"Plantain, flower",GRAM,,21.3,1.47,2.15,0.63,GRAIN_LEGUME,false,
"Plantain, green",GRAM,,79.8,1.18,17.58,0.23,GRAIN_LEGUME,false,
"Plantain, stem",GRAM,,39.4,0.35,8.64,0.16,GRAIN_LEGUME,false,
"Pumpkin, green, cylindrical",GRAM,,24.6,0.87,4.22,0.18,GRAIN_LEGUME,false,
"Pumpkin, orange, round",GRAM,,23.2,0.84,4.0,0.16,GRAIN_LEGUME,false,
"Red gram, tender, fresh",GRAM,,124.3,8.09,19.46,0.92,GRAIN_LEGUME,false,
Ridge gourd,GRAM,,13.1,0.91,1.72,0.14,GRAIN_LEGUME,false,
"Ridge gourd, smooth skin",GRAM,,15.3,0.98,2.24,0.13,GRAIN_LEGUME,false,
"Snake gourd, long, pale green",GRAM,,12.4,0.98,1.27,0.25,GRAIN_LEGUME,false,
"Snake gourd, long, dark green",GRAM,,12.0,0.89,1.23,0.25,GRAIN_LEGUME,false,
"Snake gourd, short",GRAM,,14.6,0.54,2.15,0.26,GRAIN_LEGUME,false,
"Tinda, tender",GRAM,,13.9,1.02,1.9,0.17,GRAIN_LEGUME,false,
"Tomato, green",GRAM,,20.8,1.12,3.18,0.27,GRAIN_LEGUME,false,
"Tomato, ripe, hybrid",GRAM,,18.9,0.76,3.2,0.25,GRAIN_LEGUME,false,
"Tomato, ripe, local",GRAM,,19.6,0.9,2.71,0.47,GRAIN_LEGUME,false,
"Zucchini, green",GRAM,,20.1,1.1,2.33,0.51,GRAIN_LEGUME,false,
"Zucchini, yellow",GRAM,,18.9,1.31,2.2,0.44,GRAIN_LEGUME,false,
"Apple, big",GRAM,,62.4,0.29,13.11,0.64,GRAIN_LEGUME,false,
"Apple, green",GRAM,,51.1,0.46,10.65,0.5,GRAIN_LEGUME,false,
"Apple, small",GRAM,,63.8,0.31,13.95,0.53,GRAIN_LEGUME,false,
"Apple, small, Kashmir",GRAM,,64.3,0.27,13.99,0.6,GRAIN_LEGUME,false,
"Apricot, dried",GRAM,,315.7,3.17,72.63,0.74,GRAIN_LEGUME,false,
"Apricot, processed",GRAM,,56.4,1.47,10.93,0.64,GRAIN_LEGUME,false,
Avocado fruit,GRAM,,144.4,2.95,1.75,13.86,GRAIN_LEGUME,false,
Bael fruit,GRAM,,136.0,2.63,28.21,0.57,GRAIN_LEGUME,false,
"Banana, ripe, montham",GRAM,,110.7,1.25,24.95,0.32,GRAIN_LEGUME,false,
"Banana, ripe, poovam",GRAM,,106.4,1.49,23.41,0.35,GRAIN_LEGUME,false,
"Banana, ripe, red",GRAM,,111.6,1.29,25.21,0.29,GRAIN_LEGUME,false,
"Banana, ripe, robusta",GRAM,,105.2,1.23,23.63,0.33,GRAIN_LEGUME,false,
Black berry,GRAM,,54.3,0.92,10.64,0.63,GRAIN_LEGUME,false,
"Cherries, red",GRAM,,59.8,1.49,11.87,0.46,GRAIN_LEGUME,false,
"Currants, black",GRAM,,54.3,1.51,9.93,0.53,GRAIN_LEGUME,false,
Custard apple,GRAM,,98.9,1.62,20.38,0.67,GRAIN_LEGUME,false,
"Dates, dry, pale brown",GRAM,,320.3,2.45,74.91,0.35,GRAIN_LEGUME,false,
"Dates, dry, dark brown",GRAM,,310.9,2.38,72.67,0.35,GRAIN_LEGUME,false,
"Dates, processed",GRAM,,286.1,1.18,67.95,0.41,GRAIN_LEGUME,false,
Fig,GRAM,,81.5,2.03,16.28,0.37,GRAIN_LEGUME,false,
Goosberry,GRAM,,23.7,0.34,4.39,0.16,GRAIN_LEGUME,false,
"Grapes, seeded, round, black",GRAM,,60.7,0.76,13.23,0.32,GRAIN_LEGUME,false,
"Grapes, seeded, round, green",GRAM,,56.2,0.77,12.19,0.29,GRAIN_LEGUME,false,
"Grapes, seeded, round, red",GRAM,,58.3,0.95,12.55,0.29,GRAIN_LEGUME,false,
"Grapes, seedless, oval, black",GRAM,,94.4,1.41,20.48,0.46,GRAIN_LEGUME,false,
"Grapes, seedless, round, green",GRAM,,53.5,0.62,11.81,0.26,GRAIN_LEGUME,false,
"Grapes, seedless, round, black",GRAM,,89.4,1.24,19.86,0.35,GRAIN_LEGUME,false,
"Guava, white flesh",GRAM,,32.3,1.44,5.13,0.32,GRAIN_LEGUME,false,
"Guava, pink flesh",GRAM,,46.6,1.19,9.14,0.25,GRAIN_LEGUME,false,
"Jack fruit, ripe",GRAM,,72.2,2.74,14.01,0.15,GRAIN_LEGUME,false,
"Jambu fruit, ripe",GRAM,,56.2,0.82,12.3,0.17,GRAIN_LEGUME,false,
Karonda fruit,GRAM,,33.7,1.15,2.87,1.67,GRAIN_LEGUME,false,
"Lemon, juice",GRAM,,36.6,0.41,0.0,0.75,GRAIN_LEGUME,false,
"Lime, sweet, pulp",GRAM,,27.2,0.76,5.18,0.2,GRAIN_LEGUME,false,
Litchi,GRAM,,53.8,0.99,11.41,0.26,GRAIN_LEGUME,false,
"Mango, ripe, banganapalli",GRAM,,41.8,0.54,8.18,0.55,GRAIN_LEGUME,false,
"Mango, ripe, gulabkhas",GRAM,,50.0,0.52,10.32,0.53,GRAIN_LEGUME,false,
"Mango, ripe, himsagar",GRAM,,44.7,0.46,9.03,0.54,GRAIN_LEGUME,false,
"Mango, ripe, kesar",GRAM,,55.2,0.54,11.36,0.57,GRAIN_LEGUME,false,
"Mango, ripe, neelam",GRAM,,42.5,0.68,8.21,0.55,GRAIN_LEGUME,false,
"Mango, ripe, paheri",GRAM,,44.9,0.68,8.67,0.58,GRAIN_LEGUME,false,
"Mango, ripe, totapari",GRAM,,59.3,0.41,12.75,0.49,GRAIN_LEGUME,false,
Mangosteen,GRAM,,52.3,0.63,11.41,0.24,GRAIN_LEGUME,false,
Manila tamarind,GRAM,,81.7,3.56,13.54,1.14,GRAIN_LEGUME,false,
"Musk melon, orange flesh",GRAM,,23.2,0.42,4.24,0.35,GRAIN_LEGUME,false,
"Musk melon, yellow flesh",GRAM,,27.7,0.53,5.4,0.26,GRAIN_LEGUME,false,
"Orange, pulp",GRAM,,37.3,0.7,7.92,0.13,GRAIN_LEGUME,false,
"Palm fruit, tender",GRAM,,24.1,0.5,4.92,0.12,COCONUT_PALM,false,
"Papaya, ripe",GRAM,,23.9,0.42,4.61,0.16,GRAIN_LEGUME,false,
Peach,GRAM,,40.2,0.86,7.82,0.37,GRAIN_LEGUME,false,
Pear,GRAM,,37.5,0.36,8.09,0.27,GRAIN_LEGUME,false,
Phalsa,GRAM,,71.5,1.66,15.09,0.14,GRAIN_LEGUME,false,
Pineapple,GRAM,,43.0,0.52,9.42,0.16,GRAIN_LEGUME,false,
Plum,GRAM,,56.9,0.64,12.1,0.4,GRAIN_LEGUME,false,
"Pomegranate, maroon seeds",GRAM,,54.7,1.33,11.58,0.15,GRAIN_LEGUME,false,
Pummelo,GRAM,,50.2,0.68,10.64,0.42,GRAIN_LEGUME,false,
"Raisins, dried, black",GRAM,,305.7,2.57,71.29,0.34,GRAIN_LEGUME,false,
"Raisins, dried, golden",GRAM,,296.6,2.76,68.79,0.35,GRAIN_LEGUME,false,
Rambutan,GRAM,,73.1,0.68,16.84,0.16,GRAIN_LEGUME,false,
Sapota,GRAM,,73.4,0.92,13.9,1.26,GRAIN_LEGUME,false,
Soursop,GRAM,,62.1,0.74,11.94,0.94,GRAIN_LEGUME,false,
Star fruit,GRAM,,26.3,0.79,4.51,0.39,GRAIN_LEGUME,false,
Strawberry,GRAM,,24.6,0.97,3.4,0.56,GRAIN_LEGUME,false,
"Tamarind, pulp",GRAM,,288.5,2.92,67.35,0.15,GRAIN_LEGUME,false,
"Water melon, dark green (sugar baby)",GRAM,,20.3,0.6,3.86,0.16,GRAIN_LEGUME,false,
"Water melon, pale green",GRAM,,16.7,0.59,3.02,0.16,GRAIN_LEGUME,false,
Wood apple,GRAM,,78.2,3.14,7.52,3.62,GRAIN_LEGUME,false,
Zizyphus,GRAM,,48.8,1.34,9.4,0.35,GRAIN_LEGUME,false,
Beetroot,GRAM,,35.6,1.95,6.18,0.14,GRAIN_LEGUME,false,
"Carrot, orange",GRAM,,33.2,0.95,5.55,0.47,GRAIN_LEGUME,false,
"Carrot, red",GRAM,,38.2,1.04,6.71,0.47,GRAIN_LEGUME,false,
Colocasia,GRAM,,88.9,3.31,17.85,0.17,GRAIN_LEGUME,false,
Lotus root,GRAM,,79.3,1.94,14.67,0.93,GRAIN_LEGUME,false,
"Potato, brown skin, big",GRAM,,69.8,1.54,14.89,0.23,GRAIN_LEGUME,false,
"Potato, brown skin, small",GRAM,,60.9,1.35,12.9,0.22,GRAIN_LEGUME,false,
"Potato, red skin",GRAM,,73.1,1.83,15.43,0.22,GRAIN_LEGUME,false,
"Radish, elongate, red skin",GRAM,,32.0,0.67,6.71,0.13,GRAIN_LEGUME,false,
"Radish, elongate, white skin",GRAM,,32.3,0.77,6.56,0.15,GRAIN_LEGUME,false,
"Radish, round, red skin",GRAM,,31.1,0.89,6.07,0.16,GRAIN_LEGUME,false,
"Radish, round, white skin",GRAM,,30.8,0.8,6.13,0.14,GRAIN_LEGUME,false,
"Sweet potato, brown skin",GRAM,,109.0,1.33,24.25,0.26,GRAIN_LEGUME,false,
"Sweet potato, pink skin",GRAM,,108.0,1.27,23.93,0.33,GRAIN_LEGUME,false,
Tapioca,GRAM,,79.8,1.03,17.81,0.2,GRAIN_LEGUME,false,
Water Chestnut,GRAM,,95.6,0.86,21.46,0.37,GRAIN_LEGUME,false,
"Yam, elephant",GRAM,,84.4,2.56,17.46,0.14,GRAIN_LEGUME,false,
"Yam, ordinary",GRAM,,83.4,2.18,17.65,0.17,GRAIN_LEGUME,false,
"Yam, wild",GRAM,,102.8,3.07,20.95,0.3,GRAIN_LEGUME,false,
"Chillies, green-1",GRAM,,45.7,2.62,6.32,0.73,GRAIN_LEGUME,false,
"Chillies, green-2",GRAM,,39.9,2.28,5.27,0.75,GRAIN_LEGUME,false,
"Chillies, green-3",GRAM,,40.4,2.38,5.23,0.75,GRAIN_LEGUME,false,
"Chillies, green-4",GRAM,,45.4,2.33,6.63,0.74,GRAIN_LEGUME,false,
"Chillies, green-5",GRAM,,43.0,2.01,6.64,0.65,GRAIN_LEGUME,false,
"Chillies, green-6",GRAM,,41.8,3.01,5.31,0.64,GRAIN_LEGUME,false,
"Chillies, green-7",GRAM,,39.0,2.12,5.61,0.6,GRAIN_LEGUME,false,
"Chillies, green - all varieties",GRAM,,42.3,2.36,5.86,0.72,GRAIN_LEGUME,false,
Coriander leaves,GRAM,,31.1,3.52,1.93,0.7,GRAIN_LEGUME,false,
Curry leaves,GRAM,,63.6,7.41,4.51,1.06,GRAIN_LEGUME,false,
"Garlic, big cloves",GRAM,,123.8,6.92,21.93,0.16,GRAIN_LEGUME,false,
"Garlic, small cloves",GRAM,,122.8,6.75,21.84,0.14,GRAIN_LEGUME,false,
"Garlic, single clove, Kashmir",GRAM,,125.0,6.12,23.46,0.16,GRAIN_LEGUME,false,
"Ginger, fresh",GRAM,,55.0,2.22,8.97,0.85,GRAIN_LEGUME,false,
Mango ginger,GRAM,,42.3,1.45,6.98,0.7,GRAIN_LEGUME,false,
Mint leaves,GRAM,,37.0,4.66,2.39,0.65,GRAIN_LEGUME,false,
"Onion, big",GRAM,,48.0,1.5,9.56,0.24,GRAIN_LEGUME,false,
"Onion, small",GRAM,,56.6,1.82,11.58,0.16,GRAIN_LEGUME,false,
Asafoetida,GRAM,,331.5,6.34,71.95,1.26,GRAIN_LEGUME,false,
"Cardamom, green",GRAM,,255.0,8.1,47.76,2.6,GRAIN_LEGUME,false,
"Cardamom, black",GRAM,,270.6,6.69,52.53,2.8,GRAIN_LEGUME,false,
"Chillies, red",GRAM,,236.6,12.69,29.46,6.4,GRAIN_LEGUME,false,
Cloves,GRAM,,186.7,5.86,18.73,8.41,GRAIN_LEGUME,false,
Coriander seeds,GRAM,,268.9,10.66,12.98,17.47,GRAIN_LEGUME,false,
Cumin seeds,GRAM,,304.5,13.91,22.62,16.64,GRAIN_LEGUME,false,
Fenugreek seeds,GRAM,,234.9,25.41,10.57,5.72,GRAIN_LEGUME,false,
Mace,GRAM,,355.6,6.24,26.51,24.41,GRAIN_LEGUME,false,
Nutmeg,GRAM,,463.7,6.3,27.64,36.52,GRAIN_LEGUME,false,
Omum,GRAM,,357.3,15.89,24.53,21.11,GRAIN_LEGUME,false,
Pippali,GRAM,,216.5,10.53,35.7,2.27,GRAIN_LEGUME,false,
"Pepper, black",GRAM,,217.5,10.12,36.22,2.74,GRAIN_LEGUME,false,
Poppy seeds,GRAM,,422.6,20.31,12.37,30.38,GRAIN_LEGUME,false,
Turmeric powder,GRAM,,280.6,7.66,49.22,5.03,GRAIN_LEGUME,false,
Almond,GRAM,,609.2,18.41,3.04,58.49,NUTS,false,
"Arecanut, dried, brown",GRAM,,350.6,5.78,70.42,4.35,NUTS,false,
"Arecanut, dried, red color",GRAM,,353.0,6.46,70.27,4.46,NUTS,false,
"Arecanut, fresh",GRAM,,244.7,2.73,45.0,5.51,NUTS,false,
Cashew nut,GRAM,,582.7,18.78,25.46,45.2,NUTS,false,
"Coconut, kernel, dry",GRAM,,624.0,7.27,8.01,63.26,COCONUT_PALM,false,
"Coconut, kernel, fresh",GRAM,,408.9,3.84,6.3,41.38,COCONUT_PALM,false,
"Garden cress, seeds",GRAM,,445.3,23.36,33.66,23.74,NUTS,false,
"Gingelly seeds, black",GRAM,,507.6,19.17,10.29,43.1,NUTS,false,
"Gingelly seeds, brown",GRAM,,516.5,21.61,9.76,43.22,NUTS,false,
"Gingelly seeds, white",GRAM,,519.6,21.7,10.83,43.05,NUTS,false,
Ground nut,GRAM,,520.1,23.65,17.27,39.63,NUTS,false,
Mustard seeds,GRAM,,509.6,19.51,16.8,40.19,NUTS,false,
Linseeds,GRAM,,443.8,18.55,10.99,35.67,NUTS,false,
"Niger seeds, black",GRAM,,512.4,18.92,22.98,38.61,NUTS,false,
"Niger seeds, grey",GRAM,,508.6,18.34,20.59,39.53,NUTS,false,
Pine seeds,GRAM,,594.2,12.55,26.77,48.79,NUTS,false,
Pistachio nuts,GRAM,,539.4,23.35,15.82,42.49,NUTS,false,
Safflower seeds,GRAM,,473.5,17.66,30.18,30.87,NUTS,false,
Sunflower seeds,GRAM,,586.3,23.53,6.85,51.85,NUTS,false,
Walnut,GRAM,,671.4,14.92,10.14,64.27,NUTS,false,
"Jaggery, cane",GRAM,,353.7,1.85,84.87,0.16,GRAIN_LEGUME,false,
"Sugarcane, juice",GRAM,,57.8,0.16,13.11,0.4,GRAIN_LEGUME,false,
"Button mushroom, fresh",GRAM,,27.5,3.68,1.98,0.42,GRAIN_LEGUME,false,
"Chicken mushroom, fresh",GRAM,,21.3,1.84,2.76,0.25,GRAIN_LEGUME,false,
"Shiitake mushroom, fresh",GRAM,,58.1,3.19,8.98,0.76,GRAIN_LEGUME,false,
"Oyster mushroom, dried",GRAM,,243.5,19.04,33.07,2.86,GRAIN_LEGUME,false,
Toddy,GRAM,,24.1,0.18,5.72,0.03,MIXED,false,
Coconut water,GRAM,,15.3,0.26,3.16,0.16,COCONUT_PALM,false,
"Milk, whole, Buffalo",GRAM,,107.3,3.68,8.39,6.58,DAIRY,false,
"Milk, whole, Cow",GRAM,,72.9,3.26,4.94,4.48,DAIRY,false,
Paneer,GRAM,,257.9,18.86,12.41,14.78,DAIRY,false,
Khoa,GRAM,,316.0,16.34,16.53,20.62,DAIRY,false,
"Egg, poultry, whole, raw",GRAM,,134.8,13.28,0.0,9.15,EGG,false,
"Egg, poultry, white, raw",GRAM,,44.7,10.84,0.0,0.06,EGG,false,
"Egg, poultry, yolk, raw",GRAM,,296.8,15.74,0.0,26.34,EGG,false,
"Egg, poultry, whole, boiled",GRAM,,147.7,13.43,0.0,10.54,EGG,false,
"Egg, poultry, white, boiled",GRAM,,52.6,12.37,0.0,0.26,EGG,false,
"Egg, poultry, yolk, boiled",GRAM,,308.3,16.13,0.0,27.46,EGG,false,
"Egg, poultry, omlet",GRAM,,169.7,16.53,0.0,11.6,EGG,false,
"Egg, country hen, whole, raw",GRAM,,168.3,13.14,0.0,13.0,EGG,false,
"Egg, country hen, whole, boiled",GRAM,,183.3,14.43,0.0,14.1,EGG,false,
"Egg, country hen, omlet",GRAM,,204.3,14.8,0.0,16.3,EGG,false,
"Egg, duck, whole, boiled",GRAM,,176.4,13.8,0.0,13.61,EGG,false,
"Egg, duck, whole, raw",GRAM,,181.6,14.6,0.0,13.83,EGG,false,
"Egg, duck, whole, omlet",GRAM,,192.2,15.1,0.0,14.8,EGG,false,
"Egg, quial, whole, raw",GRAM,,151.8,12.39,0.0,11.46,EGG,false,
"Egg, quial, whole, boiled",GRAM,,154.6,13.03,0.0,11.5,EGG,false,
"Chicken, poultry, leg, skinless",GRAM,,383.6,19.44,0.0,12.64,POULTRY,false,
"Chicken, poultry, thigh, skinless",GRAM,,199.8,18.18,0.0,14.23,POULTRY,false,
"Chicken, poultry, breast, skinless",GRAM,,168.3,21.81,0.0,9.0,POULTRY,false,
"Chicken, poultry, wing, skinless",GRAM,,192.9,17.42,0.0,13.81,POULTRY,false,
"Poultry, chicken, liver",GRAM,,123.8,21.57,0.0,4.08,POULTRY,false,
"Poultry, chicken, gizzard",GRAM,,92.3,18.22,0.0,2.07,POULTRY,false,
"Country hen, leg, with skin",GRAM,,172.8,17.01,0.0,11.73,POULTRY,false,
"Country hen, thigh, with skin",GRAM,,187.6,18.29,0.0,12.82,POULTRY,false,
"Country hen, breast, with skin",GRAM,,180.0,22.08,0.0,10.2,POULTRY,false,
"Country hen, wing, with skin",GRAM,,182.6,18.65,0.0,12.09,POULTRY,false,
"Duck, meat, with skin",GRAM,,130.7,19.07,0.0,6.03,POULTRY,false,
"Emu, meat, skinless",GRAM,,132.9,22.65,0.0,4.62,POULTRY,false,
"Guinea fowl, meat, with skin",GRAM,,112.1,20.52,0.0,3.24,POULTRY,false,
"Pigeon, meat, with skin",GRAM,,126.2,17.94,0.0,6.03,POULTRY,false,
"Quail, meat, skinless",GRAM,,137.7,20.92,0.0,5.95,POULTRY,false,
"Turkey, leg, with skin",GRAM,,154.6,20.3,0.0,8.15,POULTRY,false,
"Turkey, thigh, with skin",GRAM,,138.9,20.46,0.0,6.31,POULTRY,false,
"Turkey, breast, with skin",GRAM,,160.4,21.96,0.0,8.04,POULTRY,false,
"Turkey, wing, with skin",GRAM,,184.3,21.91,0.0,10.77,POULTRY,false,
"Goat, shoulder, meat",GRAM,,188.1,20.33,0.0,11.94,RED_MEAT,false,
"Goat, chops",GRAM,,135.8,20.39,0.0,5.98,RED_MEAT,false,
"Goat, legs",GRAM,,159.9,22.07,0.0,7.94,RED_MEAT,false,
"Goat, brain",GRAM,,127.4,13.82,0.0,8.06,RED_MEAT,false,
"Goat, tongue",GRAM,,188.6,16.63,0.0,13.68,RED_MEAT,false,
"Goat, lungs",GRAM,,95.8,16.86,0.0,3.09,RED_MEAT,false,
"Goat, heart",GRAM,,117.6,19.38,0.0,4.4,RED_MEAT,false,
"Goat, liver",GRAM,,125.7,20.32,0.0,4.88,RED_MEAT,false,
"Goat, tripe",GRAM,,92.3,15.36,0.0,3.36,RED_MEAT,false,
"Goat, spleen",GRAM,,95.8,18.45,0.0,2.37,RED_MEAT,false,
"Goat, kidneys",GRAM,,89.4,15.6,0.0,2.93,RED_MEAT,false,
"Goat, tube (small intestine)",GRAM,,125.5,12.92,0.0,8.26,RED_MEAT,false,
"Goat, testis",GRAM,,71.2,12.32,0.0,2.39,RED_MEAT,false,
"Sheep, shoulder",GRAM,,200.8,18.24,0.0,14.31,RED_MEAT,false,
"Sheep, chops",GRAM,,118.5,18.0,0.0,5.15,RED_MEAT,false,
"Sheep, leg",GRAM,,164.0,21.42,0.0,8.69,RED_MEAT,false,
"Sheep, brain",GRAM,,117.6,13.05,0.0,7.29,RED_MEAT,false,
"Sheep, tongue",GRAM,,187.1,16.61,0.0,13.53,RED_MEAT,false,
"Sheep, lungs",GRAM,,86.8,16.12,0.0,2.41,RED_MEAT,false,
"Sheep, heart",GRAM,,106.4,18.19,0.0,3.66,RED_MEAT,false,
"Sheep, liver",GRAM,,133.6,22.26,0.0,4.87,RED_MEAT,false,
"Sheep, tripe",GRAM,,104.0,16.76,0.0,4.05,RED_MEAT,false,
"Sheep, spleen",GRAM,,91.8,16.02,0.0,3.02,RED_MEAT,false,
"Sheep, kidneys",GRAM,,91.8,16.22,0.0,2.92,RED_MEAT,false,
"Beef, shoulder",GRAM,,212.5,20.56,0.0,14.59,RED_MEAT,false,
"Beef, chops",GRAM,,139.8,19.82,0.0,6.71,RED_MEAT,false,
"Beef, round (leg)",GRAM,,157.3,22.64,0.0,7.38,RED_MEAT,false,
"Beef, brain",GRAM,,125.0,10.55,0.0,9.28,RED_MEAT,false,
"Beef, tongue",GRAM,,174.7,15.63,0.0,12.57,RED_MEAT,false,
"Beef, lungs",GRAM,,83.9,15.66,0.0,2.28,RED_MEAT,false,
"Beef, heart",GRAM,,103.5,17.68,0.0,3.57,RED_MEAT,false,
"Beef, liver",GRAM,,119.3,20.73,0.0,3.96,RED_MEAT,false,
"Beef, tripe",GRAM,,75.5,13.1,0.0,2.51,RED_MEAT,false,
"Beef, spleen",GRAM,,90.3,17.42,0.0,2.22,RED_MEAT,false,
"Beef, kidneys",GRAM,,104.9,17.09,0.0,4.01,RED_MEAT,false,
"Calf, shoulder",GRAM,,151.3,20.98,0.0,7.47,RED_MEAT,false,
"Calf, chops",GRAM,,125.2,22.47,0.0,3.85,RED_MEAT,false,
"Calf, round (leg)",GRAM,,147.0,21.1,0.0,6.92,RED_MEAT,false,
"Calf, brain",GRAM,,107.1,9.84,0.0,7.6,RED_MEAT,false,
"Calf, tongue",GRAM,,176.1,17.78,0.0,11.76,RED_MEAT,false,
"Calf, heart",GRAM,,109.7,18.84,0.0,3.75,RED_MEAT,false,
"Calf, liver",GRAM,,120.2,21.02,0.0,3.95,RED_MEAT,false,
"Calf, spleen",GRAM,,90.6,17.71,0.0,2.12,RED_MEAT,false,
"Calf, kidneys",GRAM,,92.5,15.16,0.0,3.5,RED_MEAT,false,
"Mithun, shoulder",GRAM,,175.9,19.05,0.0,11.14,RED_MEAT,false,
"Mithun, chops",GRAM,,128.1,18.19,0.0,6.12,RED_MEAT,false,
"Mithun, round (leg)",GRAM,,115.9,19.61,0.0,4.1,RED_MEAT,false,
"Pork, shoulder",GRAM,,237.3,17.41,0.0,18.83,RED_MEAT,false,
"Pork, chops",GRAM,,178.8,19.41,0.0,11.3,RED_MEAT,false,
"Pork, ham",GRAM,,240.4,18.83,0.0,18.55,RED_MEAT,false,
"Pork, lungs",GRAM,,85.6,15.13,0.0,2.74,RED_MEAT,false,
"Pork, heart",GRAM,,109.2,16.31,0.0,4.87,RED_MEAT,false,
"Pork, liver",GRAM,,115.7,19.89,0.0,3.94,RED_MEAT,false,
"Pork, stomach",GRAM,,131.5,15.36,0.0,7.81,RED_MEAT,false,
"Pork, spleen",GRAM,,85.3,15.13,0.0,2.71,RED_MEAT,false,
"Pork, kidneys",GRAM,,90.6,14.35,0.0,3.65,RED_MEAT,false,
"Pork, tube (small intestine)",GRAM,,140.3,14.96,0.0,8.98,RED_MEAT,false,
"Hare, shoulder",GRAM,,144.1,21.13,0.0,6.58,RED_MEAT,false,
"Hare, chops",GRAM,,106.4,20.62,0.0,2.55,RED_MEAT,false,
"Hare, leg",GRAM,,120.2,20.52,0.0,4.16,RED_MEAT,false,
"Rabbit, shoulder",GRAM,,151.8,20.01,0.0,7.96,RED_MEAT,false,
"Rabbit, chops",GRAM,,135.0,22.61,0.0,4.88,RED_MEAT,false,
"Rabbit, leg",GRAM,,139.6,21.31,0.0,5.99,RED_MEAT,false,
Allathi,GRAM,,97.0,21.77,0.0,0.98,FISH,false,
Aluva,GRAM,,103.7,21.63,0.0,1.8,FISH,false,
Anchovy,GRAM,,87.7,19.88,0.0,0.78,FISH,false,
Ari fish,GRAM,,99.2,22.01,0.0,1.11,FISH,false,
Betki,GRAM,,67.9,15.28,0.0,0.29,FISH,false,
Black snapper,GRAM,,90.1,19.5,0.0,1.24,FISH,false,
Bombay duck,GRAM,,68.6,13.53,0.0,1.03,FISH,false,
Bommuralu,GRAM,,115.9,22.3,0.0,2.87,FISH,false,
Cat fish,GRAM,,109.0,22.18,0.0,2.13,FISH,false,
Chakla,GRAM,,97.0,20.21,0.0,1.68,FISH,false,
Chappal,GRAM,,75.8,17.17,0.0,0.67,FISH,false,
Chelu,GRAM,,87.5,20.02,0.0,0.7,FISH,false,
Chembali,GRAM,,97.0,20.06,0.0,1.77,FISH,false,
Eri meen,GRAM,,108.5,22.3,0.0,2.02,FISH,false,
Gobro,GRAM,,86.5,19.37,0.0,0.88,FISH,false,
Guitar fish,GRAM,,95.6,22.56,0.0,0.44,FISH,false,
Hilsa,GRAM,,258.8,21.8,0.0,18.49,FISH,false,
Jallal,GRAM,,100.4,21.55,0.0,1.46,FISH,false,
Jathi vela meen,GRAM,,108.3,22.45,0.0,1.92,FISH,false,
Kadal bral,GRAM,,88.0,18.72,0.0,1.34,FISH,false,
Kadali,GRAM,,126.7,22.07,0.0,4.2,FISH,false,
Kalamaara,GRAM,,125.0,20.89,0.0,4.54,FISH,false,
Kalava,GRAM,,89.4,19.38,0.0,1.2,FISH,false,
Kanamayya,GRAM,,87.7,20.19,0.0,0.65,FISH,false,
Kannadi paarai,GRAM,,101.1,22.09,0.0,1.27,FISH,false,
Karimeen,GRAM,,92.3,19.68,0.0,1.38,FISH,false,
Karnagawala,GRAM,,86.8,19.52,0.0,0.84,FISH,false,
Kayrai,GRAM,,108.5,20.15,0.0,3.0,FISH,false,
Kiriyan,GRAM,,132.9,22.49,0.0,4.7,FISH,false,
Kite fish,GRAM,,98.7,23.07,0.0,0.56,FISH,false,
Korka,GRAM,,126.2,23.72,0.0,3.36,FISH,false,
Kulam paarai,GRAM,,119.7,21.62,0.0,3.6,FISH,false,
Maagaa,GRAM,,87.5,20.11,0.0,0.67,FISH,false,
Mackerel,GRAM,,101.1,21.51,0.0,1.53,FISH,false,
Manda clathi,GRAM,,95.1,21.27,0.0,1.0,FISH,false,
Matha,GRAM,,93.0,21.17,0.0,0.79,FISH,false,
Milk fish,GRAM,,105.6,23.66,0.0,1.09,FISH,false,
Moon fish,GRAM,,125.7,20.74,0.0,4.69,FISH,false,
Mullet,GRAM,,93.9,20.23,0.0,1.32,FISH,false,
Mural,GRAM,,82.5,19.04,0.0,0.58,FISH,false,
Myil meen,GRAM,,98.0,22.89,0.0,0.56,FISH,false,
Nalla bontha,GRAM,,87.0,19.82,0.0,0.72,FISH,false,
Narba,GRAM,,103.3,21.95,0.0,1.6,FISH,false,
Paarai,GRAM,,104.0,21.58,0.0,1.84,FISH,false,
Padayappa,GRAM,,86.0,19.7,0.0,0.69,FISH,false,
Pali kora,GRAM,,94.2,19.25,0.0,1.81,FISH,false,
Pambada,GRAM,,128.3,21.95,0.0,4.44,FISH,false,
Pandukopa,GRAM,,86.0,19.73,0.0,0.65,FISH,false,
Parava,GRAM,,111.6,21.5,0.0,2.74,FISH,false,
Parcus,GRAM,,86.3,19.87,0.0,0.62,FISH,false,
Parrot fish,GRAM,,89.6,20.82,0.0,0.57,FISH,false,
Perinkilichai,GRAM,,92.5,20.89,0.0,0.87,FISH,false,
Phopat,GRAM,,101.3,22.05,0.0,1.33,FISH,false,
Piranha,GRAM,,131.2,20.46,0.0,5.43,FISH,false,
"Pomfret, black",GRAM,,123.1,18.91,0.0,4.83,FISH,false,
"Pomfret, snub nose",GRAM,,89.6,21.05,0.0,0.46,FISH,false,
"Pomfret, white",GRAM,,122.6,19.02,0.0,5.12,FISH,false,
Pranel,GRAM,,96.8,19.69,0.0,1.89,FISH,false,
Pulli paarai,GRAM,,95.4,20.06,0.0,1.55,FISH,false,
Queen fish,GRAM,,95.6,20.97,0.0,1.17,FISH,false,
Raai fish,GRAM,,102.8,21.61,0.0,1.69,FISH,false,
Raai vanthu,GRAM,,98.0,19.39,0.0,2.17,FISH,false,
Rani,GRAM,,90.1,18.83,0.0,1.49,FISH,false,
"Ray fish, bow head, spotted",GRAM,,83.4,19.03,0.0,0.7,FISH,false,
Red snapper,GRAM,,104.4,22.79,0.0,1.34,FISH,false,
"Red snapper, small",GRAM,,107.8,21.5,0.0,2.3,FISH,false,
Sadaya,GRAM,,110.4,20.68,0.0,2.97,FISH,false,
Salmon,GRAM,,172.3,20.97,0.0,9.86,FISH,false,
Sangada,GRAM,,105.9,20.26,0.0,2.67,FISH,false,
Sankata parai,GRAM,,103.7,21.87,0.0,1.68,FISH,false,
Sardine,GRAM,,152.2,17.91,0.0,8.99,FISH,false,
Shark,GRAM,,95.1,21.6,0.0,0.83,FISH,false,
"Shark, hammer head",GRAM,,103.3,23.4,0.0,0.8,FISH,false,
"Shark, spotted",GRAM,,91.8,20.95,0.0,0.75,FISH,false,
Shelavu,GRAM,,106.6,22.46,0.0,1.74,FISH,false,
Silan,GRAM,,151.3,22.72,0.0,6.68,FISH,false,
Silk fish,GRAM,,97.5,20.65,0.0,1.53,FISH,false,
Silver carp,GRAM,,132.6,21.71,0.0,5.17,FISH,false,
Sole fish,GRAM,,87.7,19.05,0.0,1.18,FISH,false,
Stingray,GRAM,,97.5,23.98,0.0,0.68,FISH,false,
Tarlava,GRAM,,98.9,21.72,0.0,1.2,FISH,false,
Tholam,GRAM,,103.3,20.78,0.0,2.13,FISH,false,
Tilapia,GRAM,,83.4,18.48,0.0,1.08,FISH,false,
Tuna,GRAM,,112.3,24.5,0.0,1.44,FISH,false,
"Tuna, striped",GRAM,,96.3,21.28,0.0,1.12,FISH,false,
Valava,GRAM,,98.0,21.8,0.0,1.06,FISH,false,
Vanjaram,GRAM,,136.2,22.28,0.0,5.18,FISH,false,
Vela meen,GRAM,,128.3,22.16,0.0,4.34,FISH,false,
Vora,GRAM,,100.9,20.14,0.0,2.14,FISH,false,
Whale shark,GRAM,,95.8,21.83,0.0,0.82,FISH,false,
Xiphinis,GRAM,,88.4,19.82,0.0,0.88,FISH,false,
"Eggs, cat fish",GRAM,,143.4,24.68,0.0,5.28,FISH,false,
Crab,GRAM,,82.0,10.23,0.0,1.41,FISH,false,
"Crab, sea",GRAM,,67.6,15.36,0.0,0.6,FISH,false,
"Lobster, brown",GRAM,,69.8,15.96,0.0,0.56,FISH,false,
"Lobster, king size",GRAM,,89.6,18.54,0.0,0.78,FISH,false,
Mud crab,GRAM,,45.4,10.0,0.0,0.55,FISH,false,
Oyster,GRAM,,60.2,9.51,0.0,2.44,FISH,false,
"Tiger prawns, brown",GRAM,,65.2,14.85,0.0,0.56,FISH,false,
"Tiger Prawns, orange",GRAM,,64.5,14.25,0.0,0.74,FISH,false,
"Clam, green shell",GRAM,,58.1,12.14,0.0,0.98,FISH,false,
"Clam, white shell, ribbed",GRAM,,59.8,11.82,0.0,1.34,FISH,false,
Octopus,GRAM,,79.8,14.71,0.0,1.12,FISH,false,
"Squid, black",GRAM,,80.1,16.1,0.0,1.07,FISH,false,
"Squid, hard shell",GRAM,,76.5,16.82,0.0,0.93,FISH,false,
"Squid, red",GRAM,,78.6,16.25,0.0,1.44,FISH,false,
"Squid, white, small",GRAM,,84.4,17.41,0.0,1.15,FISH,false,
Cat fish,GRAM,,123.8,15.86,0.0,6.24,FISH,false,
Catla,GRAM,,94.2,17.94,0.0,2.15,FISH,false,
Fresh water Eel,GRAM,,107.8,20.41,0.0,2.63,FISH,false,
Gold fish,GRAM,,94.6,16.91,0.0,2.94,FISH,false,
Pangas,GRAM,,203.6,17.12,0.0,16.77,FISH,false,
Rohu,GRAM,,102.3,19.71,0.0,2.39,FISH,false,
Crab,GRAM,,78.2,13.23,0.0,0.89,FISH,false,
"Prawns, big",GRAM,,90.8,19.24,0.0,0.52,FISH,false,
"Prawns, small",GRAM,,71.0,13.07,0.0,0.78,FISH,false,
Tiger prawns,GRAM,,67.9,14.24,0.0,0.66,FISH,false,
Coconut oil,GRAM,,0.0,0.0,0.0,100.0,COCONUT_PALM,false,
Corn oil,GRAM,,0.0,0.0,0.0,100.01,SEED_OIL,false,
Cotton seed oil,GRAM,,0.0,0.0,0.0,99.99,SEED_OIL,false,
Gingelly oil,GRAM,,0.0,0.0,0.0,100.0,SEED_OIL,false,
Groundnut oil,GRAM,,0.0,0.0,0.0,100.0,SEED_OIL,false,
Mustard oil,GRAM,,0.0,0.0,0.0,100.0,SEED_OIL,false,
Palm oil,GRAM,,0.0,0.0,0.0,100.0,COCONUT_PALM,false,
Rice bran oil,GRAM,,0.0,0.0,0.0,100.0,SEED_OIL,false,
Safflower oil,GRAM,,0.0,0.0,0.0,100.01,SEED_OIL,false,
Safflower oil (blended),GRAM,,0.0,0.0,0.0,100.0,SEED_OIL,false,
Soyabean oil,GRAM,,0.0,0.0,0.0,100.0,SEED_OIL,false,
Sunflower oil,GRAM,,0.0,0.0,0.0,100.0,SEED_OIL,false,
Ghee,GRAM,,0.0,0.0,0.0,100.0,DAIRY,false,
Vanaspati,GRAM,,0.0,0.0,0.0,100.0,SEED_OIL,false,
egg,PORTION,egg,72,6.3,0.4,4.8,EGG,true,anda
roti,PORTION,roti,110,3.4,20.6,1.9,GRAIN_LEGUME,true,"chapati,phulka"
idli,PORTION,idli,58,1.6,12.0,0.4,GRAIN_LEGUME,true,
"dosa, plain",PORTION,dosa,133,2.7,25.0,2.5,GRAIN_LEGUME,true,
"bread, slice",PORTION,slice,67,2.4,12.6,0.8,GRAIN_LEGUME,true,
whey protein,PORTION,scoop,120,24.0,3.0,1.5,DAIRY,true,
